[
    {
        "Rank": 1,
        "Creator Logo": "creator_logo_1.png",
        "Creator Profile": "@popmart.usshop",
        "Creator Name": "POP MART US SHOP",
        "Followers": "291.58k",
        "Best Sellers": [
            "THE MONSTERS - Have a Seat Vinyl Plush Blind Box, Mystery Box",
            "THE MONSTERS - Have a Seat Vinyl Plush Blind Box, Whole Set",
            "THE MONSTERS COCA-COLA SERIES-Vinyl Face Blind Box"
        ],
        "Best Seller Images": [
            "creator_1_image_1.png",
            "creator_1_image_2.png",
            "creator_1_image_3.png"
        ],
        "Revenue": "$1.95m",
        "Revenue Trend": "revenue_trend_1.png",
        "Content Views": "18.57m",
        "Views Trend": "views_trend_1.png",
        "Creator Debut Time": "03/29/2024"
    },
    {
        "Rank": 2,
        "Creator Logo": "creator_logo_2.png",
        "Creator Profile": "@iamstormisteele",
        "Creator Name": "CANVAS BEAUTY BRAND",
        "Followers": "515.68k",
        "Best Sellers": [
            "LIMITED EDITION TRIOS- CANVAS Beauty",
            "(NEW) BODY GLAZE: Pick your favorite scent!",
            "ROLL ON FRAGRANCE OIL- pick your favorite scent!"
        ],
        "Best Seller Images": [
            "creator_2_image_4.png",
            "creator_2_image_5.png",
            "creator_2_image_6.png"
        ],
        "Revenue": "$1.54m",
        "Revenue Trend": "revenue_trend_2.png",
        "Content Views": "7.59m",
        "Views Trend": "views_trend_2.png",
        "Creator Debut Time": "08/28/2023"
    },
    {
        "Rank": 3,
        "Creator Logo": "creator_logo_3.png",
        "Creator Profile": "@simplymandys",
        "Creator Name": "simplymandys",
        "Followers": "349.54k",
        "Best Sellers": [
            "Galis Trio Bundle",
            "Shampoo Trio",
            "Galis Combo"
        ],
        "Best Seller Images": [
            "creator_3_image_7.png",
            "creator_3_image_8.png",
            "creator_3_image_9.png"
        ],
        "Revenue": "$1.38m",
        "Revenue Trend": "revenue_trend_3.png",
        "Content Views": "10.05m",
        "Views Trend": "views_trend_3.png",
        "Creator Debut Time": "02/29/2024"
    },
    {
        "Rank": 4,
        "Creator Logo": "creator_logo_4.png",
        "Creator Profile": "@kaleysolitro",
        "Creator Name": "Kaley Solitro",
        "Followers": "44.01k",
        "Best Sellers": [
            "tarte concealer paw brush - angled for seamless application",
            "tarte colored clay CC undereye corrector",
            "Judy Blue PENELOPE High Waist Side Panel Barrel Leg Jeans"
        ],
        "Best Seller Images": [
            "creator_4_image_10.png",
            "creator_4_image_11.png",
            "creator_4_image_12.png"
        ],
        "Revenue": "$1.20m",
        "Revenue Trend": "revenue_trend_4.png",
        "Content Views": "6.24m",
        "Views Trend": "views_trend_4.png",
        "Creator Debut Time": "05/03/2024"
    },
    {
        "Rank": 5,
        "Creator Logo": "creator_logo_5.png",
        "Creator Profile": "@acbreakz",
        "Creator Name": "ACBreakz",
        "Followers": "25.85k",
        "Best Sellers": [
            "ACBreakz Divisional Breakz",
            "AFC v NFC Card Break!!! Get Into the Break Edition!!! ACBREAKZ!!!",
            "THE MONSTERS Let's Checkmate Series-Vinyl Plush Doll"
        ],
        "Best Seller Images": [
            "creator_5_image_13.png",
            "creator_5_image_14.png"
        ],
        "Revenue": "$1.07m",
        "Revenue Trend": "revenue_trend_5.png",
        "Content Views": "3.89m",
        "Views Trend": "views_trend_5.png",
        "Creator Debut Time": "09/30/2024"
    },
    {
        "Rank": 6,
        "Creator Logo": "creator_logo_6.png",
        "Creator Profile": "@popmart.uslocalshop",
        "Creator Name": "POP MART US Localshop",
        "Followers": "165.51k",
        "Best Sellers": [
            "[BACK ORDER]THE MONSTERS COCA-COLA SERIES-Vinyl Face Blind Box [ship by Apr. 12th]",
            "MEGA JUST DIMOO 400% Mickey Mouse",
            "Women's Solid Color Top & Wide Leg Pants Two-piece Set, Casual Fashion Cozy Three Quarter Length Sleeve Top & Trousers for Daily Outdoor Wear, Ladies Clothes for All Seasons"
        ],
        "Best Seller Images": [
            "creator_6_image_15.png",
            "creator_6_image_16.png",
            "creator_6_image_17.png"
        ],
        "Revenue": "$1.06m",
        "Revenue Trend": "revenue_trend_6.png",
        "Content Views": "13.48m",
        "Views Trend": "views_trend_6.png",
        "Creator Debut Time": "07/16/2024"
    },
    {
        "Rank": 7,
        "Creator Logo": "creator_logo_7.png",
        "Creator Profile": "@highland.fashion7",
        "Creator Name": "Highland Fashion",
        "Followers": "137.56k",
        "Best Sellers": [
            "Two-Piece Set Women's Plain Button Lapel Neck Blazer & Suit Pants, Elegant Business Casual Long Sleeve Outerwear & Trousers for Daily Outdoor Wear, Women's Clothing for All Seasons",
            "Women's Solid Pocket Wide Leg Pants, High Elasticity, Soft and Comfy Fabric, Daily Wear for Women, Bottoms for All Seasons",
            "tarte lights, camera, lashes™ platinum mascara - extreme volume, length & curl"
        ],
        "Best Seller Images": [
            "creator_7_image_18.png",
            "creator_7_image_19.png",
            "creator_7_image_20.png"
        ],
        "Revenue": "$908.61k",
        "Revenue Trend": "revenue_trend_7.png",
        "Content Views": "5.58m",
        "Views Trend": "views_trend_7.png",
        "Creator Debut Time": "03/07/2024"
    },
    {
        "Rank": 8,
        "Creator Logo": "creator_logo_8.png",
        "Creator Profile": "@jeffreestar",
        "Creator Name": "Jeffree Star",
        "Followers": "7.78m",
        "Best Sellers": [
            "Supreme Gloss",
            "Velour Liquid Lipsticks",
            "tarte sculpt tape & blush tape duo - blush and bronzer"
        ],
        "Best Seller Images": [
            "creator_8_image_21.png",
            "creator_8_image_22.png",
            "creator_8_image_23.png"
        ],
        "Revenue": "$876.24k",
        "Revenue Trend": "revenue_trend_8.png",
        "Content Views": "40.29m",
        "Views Trend": "views_trend_8.png",
        "Creator Debut Time": "04/06/2020"
    },
    {
        "Rank": 9,
        "Creator Logo": "creator_logo_9.png",
        "Creator Profile": "@influencedqueens",
        "Creator Name": "Alle Brean",
        "Followers": "461.63k",
        "Best Sellers": [
            "Halara Women's SoCinched High Waisted Scrunch Butt Lifting Workout Leggings, Tummy Control Shaping Training UltraSculpt Leggings with Pockets, Spring Yoga Pants for Women, Gym Outfit #springtok",
            "[medicube Official] Zero Pore Pads (AHA + BHA) | Korean No.1 Toner Pads",
            "3 Pack Bella All Natural Probiotics Iced Coffee - 500g"
        ],
        "Best Seller Images": [
            "creator_9_image_24.png",
            "creator_9_image_25.png",
            "creator_9_image_26.png"
        ],
        "Revenue": "$862.16k",
        "Revenue Trend": "revenue_trend_9.png",
        "Content Views": "66.96m",
        "Views Trend": "views_trend_9.png",
        "Creator Debut Time": "06/10/2024"
    },
    {
        "Rank": 10,
        "Creator Logo": "creator_logo_10.png",
        "Creator Profile": "@daisycabral_",
        "Creator Name": "Daisy Cabral",
        "Followers": "275.58k",
        "Best Sellers": [
            "Bella All Natural Probiotics Kit ( 2 Liver Support Liquid, 2 Aloe Vera Liquid, 1 Colon Cleanse Powder (piña/pineapple flavor), 1 Probiotics Coffee)",
            "Bella All Natural Probiotics Mango Lemonade for Healthier Lifestyle"
        ],
        "Best Seller Images": [
            "creator_10_image_27.png",
            "creator_10_image_28.png",
            "creator_10_image_29.png"
        ],
        "Revenue": "$846.20k",
        "Revenue Trend": "revenue_trend_10.png",
        "Content Views": "6.9m",
        "Views Trend": "views_trend_10.png",
        "Creator Debut Time": "02/22/2020"
    }
]